smiles,mol_weight
OCC3OC(OCC2OC(OC(C#N)c1ccccc1)C(O)C(O)C2O)C(O)C(O)C3O,457.1584107
Cc1occc1C(=O)Nc2ccccc2,201.0789786
CC(C)=CCCC(C)=CC(=O),152.1201151
c1ccc2c(c1)ccc3c2ccc4c5ccccc5ccc43,278.1095504
c1ccsc1,84.00337113
c2ccc1scnc1c2,135.0142702
Clc1cc(Cl)c(c(Cl)c1)c2c(Cl)cccc2Cl,323.8833886
CC12CCC3C(CCc4cc(O)ccc34)C2CCC1O,272.17763
ClC4=C(Cl)C5(Cl)C3C1CC(C2OC12)C3C4(Cl)C5(Cl)Cl,377.870631
COc5cc4OCC3Oc2c1CC(Oc1ccc2C(=O)C3c4cc5OC)C(C)=C,394.1416384
O=C1CCCN1,85.05276384
Clc1ccc2ccccc2c1,162.0236279
CCCC=C,70.07825032
CCC1(C(=O)NCNC1=O)c2ccccc2,218.1055277
CCCCCCCCCCCCCC,198.234751
CC(C)Cl,78.0236279
CCC(C)CO,88.088815
N#Cc1ccccc1,103.0421992
CCOP(=S)(OCC)Oc1cc(C)nc(n1)C(C)C,304.1010502
CCCCCCCCCC(C)O,172.1827154
Clc1ccc(c(Cl)c1)c2c(Cl)ccc(Cl)c2Cl,323.8833886
O=c2[nH]c1CCCc1c(=O)n2C3CCCCC3,234.1368278
CCOP(=S)(OCC)SCSCC,260.0128294
CCOc1ccc(NC(=O)C)cc1,179.0946287
CCN(CC)c1c(cc(c(N)c1N(=O)=O)C(F)(F)F)N(=O)=O,322.0888896
CCCCCCCO,116.1201151
Cn1c(=O)n(C)c2nc[nH]c2c1=O,180.0647255
CCCCC1(CC)C(=O)NC(=O)NC1=O,212.1160924
ClC(Cl)=C(c1ccc(Cl)cc1)c2ccc(Cl)cc2,315.938011
CCCCCCCC(=O)OC,158.1306798
CCc1ccc(CC)cc1,134.1095504
CCOP(=S)(OCC)SCSC(C)(C)C,288.0441295
COC(=O)Nc1cccc(OC(=O)Nc2cccc(C)c2)c1,300.111007
ClC(=C)Cl,95.95335542
Cc1cccc2c1Cc3ccccc32,180.0939004
CCCCC=O,86.07316494
N(c1ccccc1)c2ccccc2,169.0891494
CN(C)C(=O)SCCCCOc1ccccc1,253.1136498
CCCOP(=S)(OCCC)SCC(=O)N1CCCCC1C,353.1248224
CCCCCCCI,226.0218485
c1c(Cl)cccc1c2ccccc2,188.039278
OCCCC=C,86.07316494
O=C2NC(=O)C1(CCC1)C(=O)N2,168.0534921
CC(C)C1CCC(C)CC1O,156.1514153
CC(C)OC=O,88.0524295
CCCCCC(C)O,116.1201151
CC(=O)Nc1ccc(Br)cc1,212.978926
c1ccccc1n2ncc(N)c(Br)c2(=O),264.985074
COC(=O)C1=C(C)NC(=C(C1c2ccccc2N(=O)=O)C(=O)OC)C,346.1164863
c2c(C)cc1nc(C)ccc1c2,157.0891494
CCCCCCC#C,110.1095504
CCC1(C(=O)NC(=O)NC1=O)C2=CCCCC2,236.1160924
c1ccc2c(c1)ccc3c4ccccc4ccc23,228.0939004
CCC(C)n1c(=O)[nH]c(C)c(Br)c1=O,260.0160398
Clc1cccc(c1Cl)c2c(Cl)c(Cl)cc(Cl)c2Cl,357.8444162
Cc1ccccc1O,108.0575149
CC(C)CCC(C)(C)C,128.1565006
Cc1ccc(C)c2ccccc12,156.0939004
Cc1cc2c3ccccc3ccc2c4ccccc14,242.1095504
CCCC(=O)C,86.07316494
Clc1cc(Cl)c(Cl)c(c1Cl)c2c(Cl)c(Cl)cc(Cl)c2Cl,425.7664715
CCCOC(=O)CC,116.0837296
CC34CC(O)C1(F)C(CCC2=CC(=O)C=CC12C)C3CC(O)C4(O)C(=O)CO,394.1791668
Nc1ccc(O)cc1,109.0527638
O=C(Cn1ccnc1N(=O)=O)NCc2ccccc2,260.0909402
OC4=C(C1CCC(CC1)c2ccc(Cl)cc2)C(=O)c3ccccc3C4=O,366.1022721
CCNc1nc(Cl)nc(n1)N(CC)CC,229.1094232
NC(=O)c1cnccn1,123.0432618
CCC(Br)(CC)C(=O)NC(N)=O,236.0160398
Clc1ccccc1c2ccccc2Cl,222.0003056
O=C2CN(N=Cc1ccc(o1)N(=O)=O)C(=O)N2,238.0338193
Clc2ccc(Oc1ccc(cc1)N(=O)=O)c(Cl)c2,282.9802984
CC1(C)C2CCC1(C)C(=O)C2,152.1201151
O=C1NC(=O)NC(=O)C1(CC=C)c1ccccc1,244.0847922
CCCCC(=O)OCC,130.0993797
CC(C)CCOC(=O)C,130.0993797
O=C1N(COC(=O)CCCCC)C(=O)C(N1)(c2ccccc2)c3ccccc3,380.1736072
Clc1cccc(c1)c2cc(Cl)ccc2Cl,255.9613333
CCCBr,121.9731123
CCCC1COC(Cn2cncn2)(O1)c3ccc(Cl)cc3Cl,341.0697821
COP(=S)(OC)SCC(=O)N(C)C=O,256.9945365
Cc1ncnc2nccnc12,146.0592462
NC(=S)N,76.00951913
Cc1ccc(C)cc1,106.0782503
CCc1ccccc1CC,134.1095504
ClC(Cl)(Cl)C(Cl)(Cl)Cl,233.8131161
CC(C)C(C(=O)OC(C#N)c1cccc(Oc2ccccc2)c1)c3ccc(OC(F)F)cc3,451.1595147
CCCN(=O)=O,89.04767846
CC(C)C1CCC(C)CC1=O,154.1357652
CCN2c1cc(Cl)ccc1NC(=O)c3cccnc23,273.0668897
O=N(=O)c1c(Cl)c(Cl)ccc1,190.9540837
CCCC(C)C1(CC=C)C(=O)NC(=S)NC1=O,254.1088988
c1ccc2c(c1)c3cccc4cccc2c34,202.0782503
CCCOC(C)C,102.1044651
Cc1cc(C)c2ccccc2c1,156.0939004
CCC(=C(CC)c1ccc(O)cc1)c2ccc(O)cc2,268.1463299
c1(C#N)c(Cl)c(C#N)c(Cl)c(Cl)c(Cl)1,263.8815587
Clc1ccc(Cl)c(c1)c2ccc(Cl)c(Cl)c2,289.9223609
C1OC1c2ccccc2,120.0575149
CC(C)c1ccccc1,120.0939004
CC12CCC3C(CCC4=CC(=O)CCC34C)C2CCC1C(=O)CO,330.2194948
c2(Cl)c(Cl)c(Cl)c1nccnc1c2(Cl),265.8972088
C1OC(O)C(O)C(O)C1O,150.0528234
ClCCl,83.95335542
CCc1cccc2ccccc12,156.0939004
COC=O,60.02112937
Oc1ccccc1N(=O)=O,139.026943
Cc1c[nH]c(=O)[nH]c1=O,126.0429274
CC(C)C,58.07825032
OCC1OC(C(O)C1O)n2cnc3c(O)ncnc23,268.0807695
Oc1c(I)cc(C#N)cc1I,370.8304097
Oc1ccc(Cl)cc1C(=O)Nc2ccc(cc2Cl)N(=O)=O,325.9861121
CCCCC,72.09390038
c1ccccc1O,94.04186481
Nc3ccc2cc1ccccc1cc2c3,193.0891494
Cn1cnc2n(C)c(=O)[nH]c(=O)c12,180.0647255
c1ccc2cnccc2c1,129.0578492
COP(=S)(OC)SCC(=O)N(C(C)C)c1ccc(Cl)cc1,367.0232498
CCCCCCc1ccccc1,162.1408506
Clc1ccccc1c2ccccc2,188.039278
CCCC(=C)C,84.09390038
CC(C)C(C)C(C)C,114.1408506
Clc1cc(Cl)c(Cl)c(Cl)c1Cl,247.8520884
Oc1cccc(c1)N(=O)=O,139.026943
CCCCCCCCC=C,140.1565006
CC(=O)OCC(COC(=O)C)OC(=O)C,218.0790382
CCCCc1c(C)nc(nc1O)N(C)C,209.1528122
CC1(C)C(C=C(Cl)Cl)C1C(=O)OC(C#N)c2ccc(F)c(Oc3ccccc3)c2,433.064777
c1ccncc1,79.04219916
CCCCCCCBr,178.0357126
Cc1ccncc1C,107.0734993
CC34CC(O)C1(F)C(CCC2=CC(=O)CCC12C)C3CCC4(O)C(=O)CO,380.1999022
CCSCc1ccccc1OC(=O)NC,225.0823497
CCOC(=O)CC(=O)OCC,160.0735589
CC1=CCC(CC1)C(C)=C,136.1252005
C1Cc2ccccc2C1,118.0782503
CC(C)(C)c1ccc(O)cc1,150.1044651
O=C2NC(=O)C1(CC1)C(=O)N2,154.0378421
Clc1cccc(I)c1,237.9046258
Brc1cccc2ccccc12,205.9731123
CC/C=C/C,70.07825032
Cc1cccc(C)n1,107.0734993
ClC=C(Cl)Cl,129.9143831
Nc1cccc2ccccc12,143.0734993
Cc1cccc(C)c1,106.0782503
Oc2ncc1nccnc1n2,148.0385107
CO,32.02621475
CCC1(CCC(C)C)C(=O)NC(=O)NC1=O,226.1317424
CCC(=O)C,72.05751488
Fc1c[nH]c(=O)[nH]c1=O,130.0178556
Nc1ncnc2n(ccc12)C3OC(CO)C(O)C3O,266.1015049
Oc1cccc(O)c1,110.0367794
CCCCCCO,102.1044651
CCCCCCl,106.054928
C=CC=C,54.04695019
CCCOC(=O)C,102.0680796
Oc2ccc1CCCCc1c2,148.088815
NC(=O)CCl,92.99814143
COP(=S)(OC)Oc1cc(Cl)c(I)cc1Cl,411.8353551
Cc1ccc(Cl)cc1,126.0236279
CSc1nnc(c(=O)n1N)C(C)(C)C,214.0888321
Cc1ccc(OP(=O)(Oc2cccc(C)c2)Oc3ccccc3C)cc1,368.1177458
CCCCCC=O,100.088815
CCCCOC(=O)c1ccc(N)cc1,193.1102787
O2c1cc(C)ccc1N(C)C(=O)c3cc(N)cnc23,255.1007767
CC(C)=CCC/C(C)=C\CO,154.1357652
Clc1ccc(cc1)c2ccccc2Cl,222.0003056
O=C1N(COC(=O)CCCCCCC)C(=O)C(N1)(c2ccccc2)c3ccccc3,408.2049074
CCN(=O)=O,75.0320284
CCN(CC(C)=C)c1c(cc(cc1N(=O)=O)C(F)(F)F)N(=O)=O,333.0936406
Clc1ccc(Cl)c(Cl)c1Cl,213.8910608
CCCC(C)(COC(N)=O)COC(N)=O,218.1266571
CC(=O)C3CCC4C2CC=C1CC(O)CCC1(C)C2CCC34C,316.2402303
CI,141.9279481
CC1CC(C)C(=O)C(C1)C(O)CC2CC(=O)NC(=O)C2,281.1627082
O=C1N(COC(=O)CCCCCC)C(=O)C(N1)(c2ccccc2)c3ccccc3,394.1892573
CC1=CC(=O)CC(C)(C)C1,138.1044651
O=C1NC(=O)NC(=O)C1(CC)C(C)CC,212.1160924
CCCCC(=O)CCCC,142.1357652
CCC1(CCC(=O)NC1=O)c2ccccc2,217.1102787
CCC(C)CC,86.10955045
CCOc1ccc(cc1)C(C)(C)COCc3cccc(Oc2ccccc2)c3,376.2038448
Cc1ccccc1n3c(C)nc2ccccc2c3=O,250.1106131
ClCC#N,74.98757674
CCOP(=S)(CC)Oc1cc(Cl)c(Cl)cc1Cl,331.9361203
CC12CCC(=O)C=C1CCC3C2CCC4(C)C3CCC4(O)C#C,312.2089301
c1ccnnc1,80.03744813
Clc1cc(Cl)c(Cl)c(Cl)c1,213.8910608
C1C(O)CCC2(C)CC3CCC4(C)C5(C)CC6OCC(C)CC6OC5CC4C3C=C21,414.3133952
Nc1ccccc1O,109.0527638
CCCCCCCCC(=O)OCC,186.1619799
COCC(=O)N(C(C)C(=O)OC)c1c(C)cccc1C,279.1470582
CNC(=O)Oc1ccccc1OC(C)C,209.1051933
CCC(C)Cl,92.03927797
Oc1ccc2ccccc2c1,144.0575149
CC(C)Oc1cc(c(Cl)cc1Cl)n2nc(oc2=O)C(C)(C)C,344.0694478
CCCCC#C,82.07825032
CCCCCCCC#C,124.1252005
Cc1ccccc1Cl,126.0236279
CC(C)OC(C)C,102.1044651
Nc1ccc(cc1)S(=O)(=O)c2ccc(N)cc2,248.0619486
CNN,46.05309819
CC#C,40.03130013
CCOP(=S)(OCC)ON=C(C#N)c1ccccc1,298.0541
CCNP(=S)(OC)OC(=CC(=O)OC(C)C)C,281.0850658
C=CC=O,56.02621475
O=c1[nH]cnc2nc[nH]c12,136.0385107
Oc2ccc1ncccc1c2,145.0527638
Fc1ccccc1,96.03752838
CCCCl,78.0236279
CCOC(=O)C,88.0524295
CCCC(C)(C)C,100.1252005
Cc1cc(C)c(C)c(C)c1C,148.1252005
CC12CCC(CC1)C(C)(C)O2,154.1357652
CCCCOC(=O)CCCCCCCCC(=O)OCCCC,314.2457096
Clc1ccc(cc1)c2ccc(Cl)cc2,222.0003056
Cc1cccnc1C,107.0734993
CC(=C)C1CC=C(C)C(=O)C1,150.1044651
CCOP(=S)(OCC)SCSc1ccc(Cl)cc1,341.9738571
COc1cc(cc(OC)c1O)C6C2C(COC2=O)C(OC4OC3COC(C)OC3C(O)C4O)c7cc5OCOc5cc67,588.1842911
c1cc2cccc3c4cccc5cccc(c(c1)c23)c54,252.0939004
Cc1ccc(cc1N(=O)=O)N(=O)=O,182.0327567
c1c(Br)ccc2ccccc12,205.9731123
CNC(=O)Oc1cccc(N=CN(C)C)c1,221.1164267
COc2cnc1ncncc1n2,162.0541608
Cc3ccnc4N(C1CC1)c2ncccc2C(=O)Nc34,266.1167611
CCOP(=S)(OCC)Oc1nc(Cl)n(n1)C(C)C,313.0416767
CC(=C)C=C,68.06260026
CC(C)=CCCC(O)(C)C=C,154.1357652
COP(=S)(OC)Oc1ccc(SC)c(C)c1,278.020023
OC1CCCCC1,100.088815
O=C1NC(=O)NC(=O)C1(C)CC=C,182.0691422
CC34CCC1C(CCC2CC(O)CCC12C)C3CCC4=O,290.2245802
OCC(O)C(O)C(O)C(O)CO,182.0790382
Cc1ccc(cc1)c2ccccc2,168.0939004
CCNc1nc(Cl)nc(NC(C)C)n1,215.0937731
NC(=S)Nc1ccccc1,152.0408193
CCCC(=O)CCC,114.1044651
CC(=O)C(C)(C)C,100.088815
Oc1ccc(Cl)cc1,128.0028925
O=C1CCCCC1,98.07316494
Cc1cccc(N)c1,107.0734993
ClC(Cl)(Cl)C#N,142.909632
CNc2cnn(c1cccc(c1)C(F)(F)F)c(=O)c2Cl,303.0386242
CCCCCCCCC(=O)C,156.1514153
CCN(CC)c1nc(Cl)nc(NC(C)C)n1,243.1250733
CCOC(=O)c1ccc(N)cc1,165.0789786
Clc1ccc(Cl)c(Cl)c1,179.9300331
Cc3nnc4CN=C(c1ccccc1Cl)c2cc(Cl)ccc2n34,342.0439017
Oc1ccccc1O,110.0367794
CCN2c1ncccc1N(C)C(=O)c3cccnc23,254.1167611
CSC,62.01902119
Cc1ccccc1Br,169.9731123
CCOC(=O)N,89.04767846
CC(=O)OC3(CCC4C2C=C(C)C1=CC(=O)CCC1(C)C2CCC34C)C(C)=O,384.2300595
CC(C)C(O)C(C)C,116.1201151
c1ccc2ccccc2c1,128.0626003
CCNc1ccccc1,121.0891494
O=C1NC(=O)C(N1)(c2ccccc2)c3ccccc3,252.0898776
Cc1c2ccccc2c(C)c3ccc4ccccc4c13,256.1252005
CCOP(=S)(OCC)SC(CCl)N1C(=O)c2ccccc2C1=O,393.0025143
COc1ccc(cc1)C(c2ccc(OC)cc2)C(Cl)(Cl)Cl,344.0137628
Fc1cccc(F)c1C(=O)NC(=O)Nc2cc(Cl)c(F)c(Cl)c2F,379.9742457
O=C1N(COC(=O)CCCC)C(=O)C(N1)(c2ccccc2)c3ccccc3,366.1579572
CN(C)C(=O)Nc1ccc(Cl)cc1,198.0559907
OC(Cn1cncn1)(c2ccc(F)cc2)c3ccccc3F,301.1026685
CC(=O)OCC(=O)C3(O)C(CC4C2CCC1=CC(=O)C=CC1(C)C2(F)C(O)CC34C)OC(C)=O,478.2002962
CCCCBr,135.9887624
Brc1cc(Br)c(Br)cc1Br,389.6889985
CC(C)CC(=O)C,100.088815
CCSC(=O)N(CC)C1CCCCC1,215.1343853
COc1ccc(Cl)cc1,142.0185425
CC1(C)C(C=C(Br)Br)C1C(=O)OC(C#N)c2cccc(Oc3ccccc3)c2,502.9731677
CCC(C)C1(CC=C)C(=O)NC(=O)NC1=O,224.1160924
COP(=S)(OC)Oc1ccc(N(=O)=O)c(C)c1,277.0173801
Ic1cccc2ccccc12,253.9592482
OCC(O)C(O)C(O)C(O)CO,182.0790382
CCS,62.01902119
ClCC(Cl)Cl,131.9300331
CN(C)C(=O)Oc1cc(C)nn1c2ccccc2,245.1164267
NC(=O)c1ccccc1O,137.0476785
Cc1ccccc1N(=O)=O,137.0476785
O=C1NC(=O)NC(=O)C1(C(C)C)C(C)C,212.1160924
CCc1ccccc1C,120.0939004
CCCCCCCCl,134.0862282
O=C1NC(=O)NC(=O)C1(CC)CC,184.0847922
C(Cc1ccccc1)c2ccccc2,182.1095504
ClC(Cl)C(Cl)Cl,165.8910608
CCN2c1cc(OC)cc(C)c1NC(=O)c3cccnc23,283.1320768
Cc1ccc2c(ccc3ccccc32)c1,192.0939004
CCCCOC(=O)c1ccccc1C(=O)OCCCC,278.1518092
COc1c(O)c(Cl)c(Cl)c(Cl)c1Cl,259.8965401
CCN(CC)C(=O)C(=CCOP(=O)(OC)OC)Cl,299.068937
CC34CCC1C(=CCc2cc(O)ccc12)C3CCC4=O,268.1463299
CCOC(=O)c1ccccc1S(=O)(=O)NN(C=O)c2nc(Cl)cc(OC)n2,414.0400829
COc1ccc(cc1)N(=O)=O,153.0425931
CCCCCCCl,120.0705781
Clc1cc(c(Cl)c(Cl)c1Cl)c2cc(Cl)c(Cl)c(Cl)c2Cl,425.7664715
OCC1OC(CO)(OC2OC(COC3OC(CO)C(O)C(O)C3O)C(O)C(O)C2O)C(O)C1O,504.1690349
CCCCCCCCCCCCCCCCCCCCCCCCCC,366.4225517
CCN2c1ccccc1N(C)C(=O)c3cccnc23,253.1215121
CC(Cl)Cl,97.96900549
Nc1ccc(cc1)S(N)(=O)=O,172.0306485
CCCN(CCC)c1c(cc(cc1N(=O)=O)C(C)C)N(=O)=O,309.1688562
ClC1C(Cl)C(Cl)C(Cl)C(Cl)C1Cl,287.8600663
CCOP(=S)(NC(C)C)Oc1ccccc1C(=O)OC(C)C,345.1163659
Clc1cccc(Cl)c1Cl,179.9300331
ClC(Cl)(Cl)Cl,151.8754107
O=N(=O)c1cc(Cl)c(Cl)cc1,190.9540837
OC1CCCCCCC1,128.1201151
CC1(O)CCC2C3CCC4=CC(=O)CCC4(C)C3CCC21C,302.2245802
CCOc1ccc(NC(N)=O)cc1,180.0898776
C/C1CCC(\C)CC1,112.1252005
c1cnc2c(c1)ccc3ncccc23,180.0687483
COC(C)(C)C,88.088815
COc1ccc(C=CC)cc1,148.088815
CCCCCCCCCCCCCCCCO,242.2609657
O=c1cc[nH]c(=O)[nH]1,112.0272774
Nc1ncnc2nc[nH]c12,135.0544952
Clc1cc(Cl)c(cc1Cl)c2cccc(Cl)c2Cl,323.8833886
COc1ccc(cc1)C(O)(C2CC2)c3cncnc3,256.1211778
c1ccc2c(c1)c3cccc4c3c2cc5ccccc54,252.0939004
O=C(Nc1ccccc1)Nc2ccccc2,212.094963
CCC1(C(=O)NC(=O)NC1=O)c2ccccc2,232.0847922
Clc1ccc(cc1)c2cccc(Cl)c2Cl,255.9613333
CC(C)c1ccc(NC(=O)N(C)C)cc1,206.1419132
CCN(CC)C(=O)CSc1ccc(Cl)nn1,259.0546107
CCC(C)(C)CO,102.1044651
CCCOC(=O)CCC,130.0993797
Cc1c(cc(cc1N(=O)=O)N(=O)=O)N(=O)=O,227.0178349
CC(C)OP(=S)(OC(C)C)SCCNS(=O)(=O)c1ccccc1,397.0605079
C1CCCCCC1,98.10955045
CCCOC=O,88.0524295
CC(C)c1ccccc1C,134.1095504
Nc1cccc(Cl)c1,127.0188769
CC(C)CC(C)C,100.1252005
o1c2ccccc2c3ccccc13,168.0575149
CCOC2Oc1ccc(OS(C)(=O)=O)cc1C2(C)C,286.0874947
CN(C)C(=O)Nc1cccc(c1)C(F)(F)F,232.0823476
c3ccc2nc1ccccc1cc2c3,179.0734993
CC12CC(=O)C3C(CCC4=CC(=O)CCC34C)C2CCC1(O)C(=O)CO,360.193674
OCC1OC(O)C(O)C(O)C1O,180.0633881
Cc1cccc(O)c1,108.0575149
CC2Cc1ccccc1N2NC(=O)c3ccc(Cl)c(c3)S(N)(=O)=O,365.0600901
CCC(C)C(=O)OC2CC(C)C=C3C=CC(C)C(CCC1CC(O)CC(=O)O1)C23,404.2562743
O=N(=O)c1ccc(cc1)N(=O)=O,168.0171066
CCC1(C(=O)NC(=O)NC1=O)C2=CCC3CCC2C3,262.1317424
CCCCCCCCCC(=O)OCC,200.17763
CN(C)C(=O)Nc1ccccc1,164.094963
CCCOCC,88.088815
CC(C)O,60.05751488
Cc1ccc2ccccc2c1,142.0782503
ClC(Br)Br,205.8133519
CCC(C(CC)c1ccc(O)cc1)c2ccc(O)cc2,270.1619799
CCOC(=O)CC(SP(=S)(OC)OC)C(=O)OCC,330.036067
ClCc1ccccc1,126.0236279
C/C=C/C=O,70.04186481
CON(C)C(=O)Nc1ccc(Br)c(Cl)c1,291.9614173
Cc1c2ccccc2c(C)c3ccccc13,206.1095504
CCCCCC(=O)OC,130.0993797
CN(C)C(=O)Nc1ccc(c(Cl)c1)n2nc(oc2=O)C(C)(C)C,338.1145681
CC(=O)Nc1ccc(F)cc1,153.0589921
CCc1cccc(CC)c1N(COC)C(=O)CCl,269.1182566
C1CCC=CC1,82.07825032
CC12CC(O)C3C(CCC4=CC(=O)CCC34C)C2CCC1(O)C(=O)CO,362.2093241
c1cncnc1,80.03744813
Clc1ccc(cc1)N(=O)=O,156.993056
CCC(=O)OC,88.0524295
Clc1ccccc1N(=O)=O,156.993056
CCCCN(C)C(=O)Nc1ccc(Cl)c(Cl)c1,274.0639685
CN1CC(O)N(C1=O)c2nnc(s2)C(C)(C)C,256.0993968
O=N(=O)c1ccccc1,123.0320284
Ic1ccccc1,203.9435982
CC2Nc1cc(Cl)c(cc1C(=O)N2c3ccccc3C)S(N)(=O)=O,365.0600901
COc1ccccc1OCC(O)COC(N)=O,241.0950226
CCCCOCN(C(=O)CCl)c1c(CC)cccc1CC,311.1652068
Oc1cccc(Cl)c1Cl,161.9639201
CCCC(=O)OC,102.0680796
CCC(=O)Nc1ccc(Cl)c(Cl)c1,217.0061193
Nc3nc(N)c2nc(c1ccccc1)c(N)nc2n3,253.1075934
CCCCCC(=O)OCC,144.1150298
OCC(O)C2OC1OC(OC1C2O)C(Cl)(Cl)Cl,307.9621211
CN(C=Nc1ccc(C)cc1C)C=Nc2ccc(C)cc2C,293.1891977
COc1nc(NC(C)C)nc(NC(C)C)n1,225.1589602
CCCCCCC=C,112.1252005
Cc1ccc(N)cc1,107.0734993
Nc1nccs1,100.0095191
c1ccccc1(OC(=O)NC),151.0633285
CCCC(O)CC,102.1044651
c3ccc2c(O)c1ccccc1cc2c3,194.0731649
Cc1ccc2cc3ccccc3cc2c1,192.0939004
Cc1cccc(C)c1C,120.0939004
CNC(=O)Oc1ccc(N(C)C)c(C)c1,208.1211778
CCCCCCCC(C)O,144.1514153
CN(C(=O)NC(C)(C)c1ccccc1)c2ccccc2,268.1575633
CCCC(=O)CC,100.088815
Oc1c(Br)cc(C#N)cc1Br,274.8581379
Clc1ccc(cc1Cl)c2ccccc2,222.0003056
CN(C(=O)COc1nc2ccccc2s1)c3ccccc3,298.0775987
Oc1cccc2ncccc12,145.0527638
CC1=C(SCCO1)C(=O)Nc2ccccc2,235.0666997
CCOc2ccc1nc(sc1c2)S(N)(=O)=O,258.0132842
Oc1c(Cl)c(Cl)c(Cl)c(Cl)c1Cl,263.8470031
ClCBr,127.9028398
CCC1(CC)C(=O)NC(=O)N(C)C1=O,198.1004423
CC(=O)OCC(=O)C3CCC4C2CCC1=CC(=O)CCC1(C)C2CCC34C,372.2300595
NC(=O)NCc1ccccc1,150.0793129
CN(C)C(=O)Nc1ccc(C)c(Cl)c1,212.0716407
CON(C)C(=O)Nc1ccc(Cl)c(Cl)c1,248.0119329
OC1CCCCCC1,114.1044651
CS(=O)(=O)c1ccc(cc1)C(O)C(CO)NC(=O)C(Cl)Cl,355.0047989
CCCC(C)C1(CC)C(=O)NC(=S)NC1=O,242.1088988
CC(=O)Nc1nnc(s1)S(N)(=O)=O,221.9881321
Oc1ccc(cc1)N(=O)=O,139.026943
ClC1=C(Cl)C2(Cl)C3C4CC(C=C4)C3C1(Cl)C2(Cl)Cl,361.8757163
C1CCOC1,72.05751488
Nc1ccccc1N(=O)=O,138.0429274
Clc1cccc(c1Cl)c2cccc(Cl)c2Cl,289.9223609
CCCCC1C(=O)N(N(C1=O)c2ccccc2)c3ccccc3,308.1524779
Cc1c(cccc1N(=O)=O)N(=O)=O,182.0327567
CC(=O)C1CCC2C3CCC4=CC(=O)CCC4(C)C3CCC12C,314.2245802
CCN(CC)c1nc(Cl)nc(n1)N(CC)CC,257.1407233
ClC(Cl)C(Cl)(Cl)SN2C(=O)C1CC=CCC1C2=O,346.9108102
c1(Br)c(Br)cc(Br)cc1,311.7784864
OC3N=C(c1ccccc1)c2cc(Cl)ccc2NC3=O,286.0509053
O=C1NC(=O)NC(=O)C1(C(C)CCC)CC=C,238.1317424
c1(O)c(C)ccc(C(C)C)c1,150.1044651
C1SC(=S)NC1(=O),132.9656057
Oc1ccc(c(O)c1)c3oc2cc(O)cc(O)c2c(=O)c3O,302.0426527
ClC1(C(=O)C2(Cl)C3(Cl)C14Cl)C5(Cl)C2(Cl)C3(Cl)C(Cl)(Cl)C45Cl,485.6834414
CCN(CC)C(=S)SSC(=S)N(CC)CC,296.0509326
C1CCCCC1,84.09390038
ClC1=C(Cl)C(Cl)(C(=C1Cl)Cl)C2(Cl)C(=C(Cl)C(=C2Cl)Cl)Cl,469.6885268
CN(C)C=Nc1ccc(Cl)cc1C,196.0767261
CC34CCc1c(ccc2cc(O)ccc12)C3CCC4=O,266.1306798
CCCCCCCCO,130.1357652
CCSCC,90.05032132
ClCCCl,97.96900549
CCC(C)(C)Cl,106.054928
ClCCBr,141.9184899
Nc1ccc(cc1)N(=O)=O,138.0429274
OCC1OC(OC2C(O)C(O)C(O)OC2CO)C(O)C(O)C1O,342.1162115
CCN2c1ncccc1N(CC)C(=O)c3cccnc23,268.1324111
Clc1ccccc1,112.0079778
CCCCCCCC=C,126.1408506
Brc1ccc(I)cc1,281.8541102
CCC(C)(O)CC,102.1044651
CCCCCc1ccccc1,148.1252005
NC(=O)NC1NC(=O)NC1=O,158.0439901
OCC(O)COC(=O)c1ccccc1Nc2ccnc3cc(Cl)ccc23,372.0876847
ClC(Cl)C(c1ccc(Cl)cc1)c2ccc(Cl)cc2,317.953661
CC(=O)OC3CCC4C2CCC1=CC(=O)CCC1(C)C2CCC34C,330.2194948
Clc1cccc2ccccc12,162.0236279
CCN2c1ccccc1N(C)C(=O)c3ccccc23,252.1262631
CCCCC(C)O,102.1044651
CCCC1CCCC1,112.1252005
CCOC(=O)c1cncn1C(C)c2ccccc2,244.1211778
Oc1ccc(Cl)c(Cl)c1,161.9639201
CC1(C)C(C=C(Cl)Cl)C1C(=O)OC(C#N)c2cccc(Oc3ccccc3)c2,415.0741988
c2ccc1ocnc1c2,119.0371138
CCCCCO,88.088815
CCN(CC)c1ccccc1,149.1204495
Fc1cccc(F)c1,114.0281066
ClCCC#N,89.00322681
CC(C)(C)Cc1ccccc1,148.1252005
O=C1NC(=O)NC(=O)C1(CC)c1ccccc1,232.0847922
Clc1ccccc1I,237.9046258
c2ccc1[nH]nnc1c2,119.0483472
CNC(=O)Oc1cccc2CC(C)(C)Oc12,221.1051933
Cc1cccc(C)c1O,122.0731649
CC(C)C(C)O,88.088815
c1ccccc1C(O)c2ccccc2,184.088815
CCCCCCCCCC(=O)OC,186.1619799
COP(=S)(OC)Oc1ccc(cc1Cl)N(=O)=O,296.9627577
CC(C)CBr,135.9887624
CCI,155.9435982
CN(C)C(=O)Oc1nc(nc(C)c1C)N(C)C,238.1429758
CCCCCCBr,164.0200625
CCCC(C)C,86.10955045
Cc1c(F)c(F)c(COC(=O)C2C(C=C(Cl)C(F)(F)F)C2(C)C)c(F)c1F,418.0570549
CCc1cccc(C)c1N(C(C)COC)C(=O)CCl,283.1339066
ON=Cc1ccc(o1)N(=O)=O,156.0171066
CC(C)C(Nc1ccc(cc1Cl)C(F)(F)F)C(=O)OC(C#N)c2cccc(Oc3ccccc3)c2,502.1271049
Nc1nc[nH]n1,84.04359613
BrC(Br)Br,249.7628363
COP(=O)(OC)C(O)C(Cl)(Cl)Cl,255.9225784
CCOP(=S)(OCC)SCn1c(=O)oc2cc(Cl)ccc12,366.9868643
OCc1ccccc1,108.0575149
O=c2c(C3CCCc4ccccc43)c(O)c1ccccc1o2,292.1099444
Oc1ccc(Br)cc1,171.9523769
CC(C)Br,121.9731123
CC(C)CC(C)(C)C,114.1408506
O=N(=O)c1cc(cc(c1)N(=O)=O)N(=O)=O,213.0021848
CN2C(=O)CN=C(c1ccccc1)c3cc(ccc23)N(=O)=O,295.0956913
CCC,44.06260026
Nc1cc(nc(N)n1=O)N2CCCCC2,209.1276601
Nc2cccc3nc1ccccc1cc23,194.0843983
c1ccc2cc3c4cccc5cccc(c3cc2c1)c45,252.0939004
OC(c1ccc(Cl)cc1)(c2ccc(Cl)cc2)C(Cl)(Cl)Cl,367.9096033
C1Cc2cccc3cccc1c23,154.0782503
CCOP(=S)(OCC)SC(CCl)N2C(=O)c1ccccc1C2=O,393.0025143
Brc1ccc(Br)cc1,233.8679743
Cn2c(=O)on(c1ccc(Cl)c(Cl)c1)c2=O,259.9755474
Oc1ccc(cc1)c2ccccc2,170.0731649
CC1=C(CCCO1)C(=O)Nc2ccccc2,217.1102787
CCOC=C,72.05751488
CCC#C,54.04695019
COc1ncnc2nccnc12,162.0541608
CCCCC(C)(O)CC,130.1357652
Clc1ccc(Cl)cc1,145.9690055
O=C1N(COC(=O)C)C(=O)C(N1)(c2ccccc2)c3ccccc3,324.111007
CSCS(=O)CC(CO)NC(=O)C=Cc1c(C)[nH]c(=O)[nH]c1=O,361.0766127
Cc1c[nH]c2ccccc12,131.0734993
COc2ncc1nccnc1n2,162.0541608
CNC(=O)Oc1ccccc1C2OCCO2,223.0844579
C1N(C(=O)NCC(C)C)C(=O)NC1,185.1164267
CC#N,41.0265491
CCOC(=O)NCCOc2ccc(Oc1ccccc1)cc2,301.1314081
CC(=O)N(S(=O)c1ccc(N)cc1)c2onc(C)c2C,293.0834123
ClCC(Cl)(Cl)Cl,165.8910608
CCCCO,74.07316494
CC1CCCCC1NC(=O)Nc2ccccc2,232.1575633
Clc1cc(Cl)cc(Cl)c1,179.9300331
O=Cc1ccco1,96.02112937
CC(C)CCO,88.088815
O=Cc2ccc1OCOc1c2,150.0316941
CC(=C)C,56.06260026
O=Cc1ccccc1,106.0418648
CC(=C)C(=C)C,82.07825032
CCOC(=O)CCN(SN(C)C(=O)Oc1cccc2CC(C)(C)Oc21)C(C)C,410.1875431
O2c1ccccc1N(C)C(=O)c3cccnc23,226.0742276
C1c2ccccc2c3ccccc13,166.0782503
CC1CCCCC1,98.10955045
NC(=N)NS(=O)(=O)c1ccc(N)cc1,214.0524466
COC(=O)c1ccc(O)cc1,152.0473441
CC1CCCO1,86.07316494
CC3C2CCC1(C)C=CC(=O)C(=C1C2OC3=O)C,246.1255944
OCC2OC(Oc1ccccc1CO)C(O)C(O)C2O,286.1052529
CCCI,169.9592482
CCNc1nc(NC(C)C)nc(SC)n1,227.1204665
CCCO,60.05751488
CC(=O)C1(O)CCC2C3CCC4=CC(=O)CCC4(C)C3CCC21C,330.2194948
CCCC(C)O,88.088815
OC(C(=O)c1ccccc1)c2ccccc2,212.0837296
Cc1ccc(O)c(C)c1,122.0731649
Clc1cccc(c1)N(=O)=O,156.993056
Cc2c(N)c(=O)n(c1ccccc1)n2C,203.105862
Clc1ccc(c(Cl)c1)c2cc(Cl)ccc2Cl,289.9223609
ClC(=C(Cl)C(=C(Cl)Cl)Cl)Cl,257.8131161
CCNc1nc(NC(C)(C)C)nc(SC)n1,241.1361166
CCC(C)CCO,102.1044651
Cc2ncc1nccnc1n2,146.0592462
CC23Cc1cnoc1C=C2CCC4C3CCC5(C)C4CCC5(O)C#C,337.2041791
CCCCI,183.9748983
Brc1ccc2ccccc2c1,205.9731123
CC1OC(CC(O)C1O)OC2C(O)CC(OC2C)OC8C(O)CC(OC7CCC3(C)C(CCC4C3CC(O)C5(C)C(CCC45O)C6=CC(=O)OC6)C7)OC8C,780.4296067
FC(F)(F)c1ccccc1,146.0343348
CCCCCCOC(=O)c1ccccc1C(=O)OCCCCCC,334.2144094
c1ccc2c(c1)sc3ccccc23,184.0346713
Clc1ccc(c(Cl)c1)c2ccc(Cl)c(Cl)c2Cl,323.8833886
Clc1ccc(c(Cl)c1Cl)c2ccc(Cl)c(Cl)c2Cl,357.8444162
CC(=O)CC(c1ccccc1)c3c(O)c2ccccc2oc3=O,308.104859
c1ccccc1C(O)C(O)c2ccccc2,214.0993797
COC(=O)c1ccccc1C(=O)OC,194.0579088
CCCCCCCC(=O)OCC,172.1463299
CCSSCC,122.0223923
CCOCCOCC,118.0993797
Clc1cc(Cl)c(Cl)cc1Cl,213.8910608
Nc1ccc(cc1)c2ccc(N)cc2,184.1000484
CCCCCC=C,98.10955045
CCCCc1c(C)nc(NCC)[nH]c1=O,209.1528122
O=C1NC(=O)NC(=O)C1(CC)C(C)CCC,226.1317424
Nc1ccccc1Cl,127.0188769
COc1cccc(Cl)c1,142.0185425
CCCCN(CC)C(=O)SCCC,203.1343853
CCCCOC=O,102.0680796
CC12CC(O)C3C(CCC4=CC(=O)C=CC34C)C2CCC1(O)C(=O)CO,360.193674
BrC(Cl)Cl,161.8638675
CC34CC(=O)C1C(CCC2=CC(=O)CCC12C)C3CCC4(=O),300.1725446
c1ccc(cc1)c2ccc(cc2)c3ccccc3,230.1095504
Oc1ccc(C=O)cc1,122.0367794
CBr,93.9418122
Cc1cc(ccc1NS(=O)(=O)C(F)(F)F)S(=O)(=O)c2ccccc2,379.0159845
CC(=O)CC(c1ccc(Cl)cc1)c2c(O)c3ccccc3oc2=O,342.0658866
CCc1ccc2ccccc2c1,156.0939004
Nc1c(C)c[nH]c(=O)n1,125.0589118
Clc2c(Cl)c(Cl)c(c1ccccc1)c(Cl)c2Cl,323.8833886
c1c(NC(=O)c2ccccc2(I))cccc1,322.9807119
Cc3cc2nc1c(=O)[nH]c(=O)nc1n(CC(O)C(O)C(O)CO)c2cc3C,376.1382844
Fc1ccccc1Br,173.9480404
Oc1ccc(Cl)cc1Cl,161.9639201
CC1(C)C(C=C(Cl)Cl)C1C(=O)OCc2cccc(Oc3ccccc3)c2,390.0789499
CN2C(=C(O)c1ccccc1S2(=O)=O)C(=O)Nc3ccccn3,331.0626769
O=C1N(COC(=O)CC)C(=O)C(N1)(c2ccccc2)c3ccccc3,338.1266571
C1CCCC1,70.07825032
Cc1ccccc1N,107.0734993
c1(OC)ccc(CC=C)cc1,148.088815
CN(C)C(=O)Nc1cccc(OC(=O)NC(C)(C)C)c1,279.1582915
CC(C)C=C,70.07825032
Oc1ccccn1,95.03711378
CC,30.04695019
Clc1ccccc1Cl,145.9690055
Sc2nc1ccccc1s2,166.9863412
Clc1c(Cl)c(Cl)c(c(Cl)c1Cl)c2c(Cl)c(Cl)c(Cl)c(Cl)c2Cl,493.6885268
COc2c1occc1cc3ccc(=O)oc23,216.0422587
CC(=O)N,59.03711378
Cc1cccc2ccccc12,142.0782503
CCN(CC)C(=O)C(C)Oc1cccc2ccccc12,271.1572289
CC(O)C(C)(C)C,102.1044651
CCCC(=O)OCC,116.0837296
CC2=CC(=O)c1ccccc1C2=O,172.0524295
c1ccc2c(c1)ccc3ccccc32,178.0782503
Cc1ccnc(C)c1,107.0734993
CCCCCCCCCO,144.1514153
BrCBr,171.8523243
CC1CC2C3CCC4=CC(=O)C=CC4(C)C3(F)C(O)CC2(C)C1(O)C(=O)CO,392.1999022
Cc1ccc2cc(C)ccc2c1,156.0939004
CCSC(=O)N(CC(C)C)CC(C)C,217.1500354
O=N(=O)OCC(CON(=O)=O)ON(=O)=O,227.0025787
Nc1cccc(c1)N(=O)=O,138.0429274
CCCCCl,92.03927797
ClC(Cl)(Cl)C(NC=O)N1C=CN(C=C1)C(NC=O)C(Cl)(Cl)Cl,427.8934916
Cn2cc(c1ccccc1)c(=O)c(c2)c3cccc(c3)C(F)(F)F,329.1027487
Nc3cc2c1ccccc1ccc2c4ccccc34,243.1047994
CC12CCC3C(CCc4cc(O)ccc34)C2CCC1=O,270.1619799
CCN2c1ccccc1N(C)C(=S)c3cccnc23,269.0986685
CC1CO1,58.04186481
O=C3CN=C(c1ccccc1)c2cc(ccc2N3)N(=O)=O,281.0800412
CCNC(=S)NCC,132.0721194
Oc1cc(Cl)cc(Cl)c1Cl,195.9249478
CCCCC(=O)OC,116.0837296
Nc1ccccc1,93.05784922
Cc1cccc2c(C)cccc12,156.0939004
NS(=O)(=O)c2cc1c(NCNS1(=O)=O)cc2Cl,296.9644754
C1=Cc2cccc3cccc1c23,152.0626003
CCCCCOC(=O)CC,144.1150298
CCNc1nc(NC(C)C)nc(OC)n1,211.1433102
c1ccc2c(c1)cc3ccc4cccc5ccc2c3c45,252.0939004
CCBr,107.9574623
CCC#CCC,82.07825032
CC1OC(CC(O)C1O)OC2C(O)CC(OC2C)OC8C(O)CC(OC7CCC3(C)C(CCC4C3CCC5(C)C(CCC45O)C6=CC(=O)OC6)C7)OC8C,764.4346921
CCC(=C)C,70.07825032
Oc1cccc2cccnc12,145.0527638
C1CCc2ccccc2C1,132.0939004
Oc1ccc(cc1)C2(OC(=O)c3ccccc23)c4ccc(O)cc4,318.0892089
Brc1cc(Br)cc(Br)c1,311.7784864
COP(=S)(OC)Oc1cc(Cl)c(Cl)cc1Cl,319.8997348
Cc1cc(=O)[nH]c(=S)[nH]1,142.0200838
COc1cc(CC=C)ccc1O,164.0837296
O=C1NC(=O)NC(=O)C1(C(C)C)CC=C,210.1004423
c1cc2ccc3cccc4ccc(c1)c2c34,202.0782503
CCOC(C)OCC,118.0993797
CC1(C)CON(Cc2ccccc2Cl)C1=O,239.0713064
CCCCOCCO,118.0993797
Clc1c(Cl)c(Cl)c(N(=O)=O)c(Cl)c1Cl,292.8371666
CC12CCC(O)CC1CCC3C2CCC4(C)C3CCC4=O,290.2245802
FC(F)(F)c1cccc(c1)N2CC(CCl)C(Cl)C2=O,311.009154
c1ccc2ncccc2c1,129.0578492
COC(=O)c1cc(O)c(O)c(O)c1,184.0371734
OC(Cn1cncn1)(Cn2cncn2)c3ccc(F)cc3F,306.1040654
Clc2ccc1oc(=O)[nH]c1c2,168.993056
Clc1ccc(c(Cl)c1)c2c(Cl)c(Cl)c(Cl)c(Cl)c2Cl,391.8054439
O=C1NC(=O)C(=O)C(=O)N1,142.0014565
ClCCCCl,111.9846556
Fc1cccc(Br)c1,173.9480404
Clc1ccc(Br)cc1,189.9184899
CC(C)C(C)C,86.10955045
CCC=C,56.06260026
Clc1ccc(Cl)c(c1)c2cc(Cl)c(Cl)c(Cl)c2Cl,357.8444162
Nc1cc[nH]c(=O)n1,111.0432618
FC(F)(Cl)C(F)(Cl)Cl,185.9017677
CCC#N,55.04219916
ClC(Cl)C(c1ccc(Cl)cc1)c2ccccc2Cl,317.953661
COc1ccccc1N(=O)=O,153.0425931
CC34CCC1C(CC=C2CC(O)CCC12C)C3CCC4=O,288.2089301
CC12CC2(C)C(=O)N(C1=O)c3cc(Cl)cc(Cl)c3,283.016684
c1cc2ccc3ccc4ccc5cccc6c(c1)c2c3c4c56,276.0939004
CCC(C)c1cc(cc(N(=O)=O)c1O)N(=O)=O,240.0746215
c1c(OC)c(OC)C2C(=O)OCC2c1,196.0735589
OCC(O)CO,92.04734412
COc1ccccc1O,124.0524295
CCOP(=S)(OCC)Oc1nc(Cl)c(Cl)cc1Cl,348.9262839
Cc1c2ccccc2cc3ccccc13,192.0939004
Cc1cc(=O)n(c2ccccc2)n1C,188.094963
CCCCOC,88.088815
Cc2cnc1cncnc1n2,146.0592462
CCNc1nc(Cl)nc(NCC)n1,201.0781231
CN(C)C(=O)C,87.06841391
CSc1nc(nc(n1)N(C)C)N(C)C,213.1048165
C=C,28.03130013
CC(C)(C)CCO,102.1044651
O=C1NC(=O)NC(=O)C1(CC)CC=C,196.0847922
Oc1ccc(Cl)c(Cl)c1Cl,195.9249478
COc1ccccc1,108.0575149
c1ccc(Cl)cc1C(c2ccc(Cl)cc2)(O)C(=O)OC(C)C,338.0476497
CC13CCC(=O)C=C1CCC4C2CCC(C(=O)CO)C2(CC(O)C34)C=O,360.193674
COc2ccc(Oc1ccc(NC(=O)N(C)C)cc1)cc2,286.1317424
CCc1ccc(C)cc1,120.0939004
CC(C)SC(C)C,118.0816214
O=N(=O)c1cccc(c1)N(=O)=O,168.0171066
CCOP(=S)(OCC)SCSP(=S)(OCC)OCC,383.9876164
CCC1(C(C)C)C(=O)NC(=O)NC1=O,198.1004423
CC(=O)OCC(=O)C3(O)CCC4C2CCC1=CC(=O)CCC1(C)C2C(=O)CC34C,402.2042387
Cc1ncc(N(=O)=O)n1CCO,171.0643911
Nc1ccc(Cl)cc1,127.0188769
CCCC(C)(C)CO,116.1201151
c1ccoc1,68.02621475
COCCCNc1nc(NC(C)C)nc(SC)n1,271.1466813
CN(C)C(=O)NC1CC2CC1C3CCCC23,222.1732133
CC(C)(C)c1ccccc1,134.1095504
CC(=O)CCC1C(=O)N(N(C1=O)c2ccccc2)c3ccccc3,322.1317424
CC(=O)OCC(=O)C3(O)CCC4C2CCC1=CC(=O)C=CC1(C)C2C(O)CC34C,402.2042387
CCCOC,74.07316494
CC(C)OC(=O)C,102.0680796
Brc1ccccc1,155.9574623
CCOC(=O)c1ccc(O)cc1,166.0629942
O=C1N(COC(=O)CCC)C(=O)C(N1)(c2ccccc2)c3ccccc3,352.1423071
CCC(=O)OC3CCC4C2CCC1=CC(=O)CCC1(C)C2CCC34C,344.2351449
c1cc2ccc3ccc4ccc5ccc6ccc1c7c2c3c4c5c67,300.0939004
O=c1[nH]cnc2[nH]ncc12,136.0385107
ClC=C,61.99232778
CN(C)C(=O)C(c1ccccc1)c2ccccc2,239.1310142
BrC(Br)(Br)Br,327.6733484
CCN2c1cc(N(C)C)cc(C)c1NC(=O)c3cccnc23,296.1637113
O=C1NC(=O)c2ccccc12,147.0320284
OC(c1ccc(Cl)cc1)(c2cncnc2)c3ccccc3Cl,330.0326684
COC(=O)c1ccccc1,136.0524295
Cn1ccc(=O)[nH]c1=O,126.0429274
CCCCC1C(=O)N(N(C1=O)c2ccc(O)cc2)c3ccccc3,324.1473925
Clc1ccc(Cl)c(c1)c2cccc(Cl)c2Cl,289.9223609
CCC2NC(=O)c1cc(c(Cl)cc1N2)S(N)(=O)=O,289.0287899
CN(C)C(=O)Nc1ccc(Cl)c(Cl)c1,232.0170183
C1CC=CC1,68.06260026
C1(=O)NC(=O)NC(=O)C1(O)C2(O)C(=O)NC(=O)NC2(=O),286.0185632
CCCCCCCCC,128.1565006
Oc1ccccc1Cl,128.0028925
c1cccc2c3c(C)cc4ccccc4c3ccc12,242.1095504
CCOc1ccccc1,122.0731649
CCOC(=O)C=Cc1ccccc1,176.0837296
Cc1[nH]c(=O)n(c(=O)c1Cl)C(C)(C)C,216.0665553
Clc1ccccc1C2=NCC(=O)Nc3ccc(cc23)N(=O)=O,315.0410689
Cc1ccc(cc1)S(=O)(=O)N,171.0353995
CC(OC(=O)Nc1cccc(Cl)c1)C#C,223.0400062
CCCCCC(C)C,114.1408506
CC1(C)C(C=C(Cl)C(F)(F)F)C1C(=O)OC(C#N)c2cccc(Oc3ccccc3)c2,449.1005558
CCCC1C(=O)N3N(C1=O)c2cc(C)ccc2N=C3N(C)C,300.1586259
CN2C(=O)CN=C(c1ccccc1)c3cc(Cl)ccc23,284.0716407
CCC(O)C(C)C,102.1044651
CCOP(=S)(OCC)Oc1ccc(cc1)S(C)=O,308.0305877
CC1(C)C2CCC1(C)C(O)C2,154.1357652
CC12CCC3C(CCC4=CC(=O)CCC34C)C2CCC1O,288.2089301
CCCCCCC,100.1252005
Oc1cccc2ccccc12,144.0575149
C/C1CCCCC1\C,112.1252005
COc2cc1c(N)nc(nc1c(OC)c2OC)N3CCN(CC3)C(=O)OCC(C)(C)O,435.2117836
C1Cc2c3c1cccc3cc4c2ccc5ccccc54,254.1095504
CC(=O)C3(C)CCC4C2C=C(C)C1=CC(=O)CCC1(C)C2CCC34C,340.2402303
CCCCCC(=O)C,114.1044651
COP(=O)(NC(C)=O)SC,183.0119008
CCCCSP(=O)(SCCCC)SCCCC,314.0961651
c1cC2C(=O)NC(=O)C2cc1,149.0476785
NS(=O)(=O)c2cc1c(NC(NS1(=O)=O)C(Cl)Cl)cc2Cl,378.9021808
CC=C(C)C,70.07825032
Cc1ccc(C)c(C)c1,120.0939004
Oc1cc(Cl)c(Cl)cc1Cl,195.9249478
c1ccc2c(c1)cnc3ccccc23,179.0734993
CCCC(C)(O)CC,116.1201151
CCCCCCCC,114.1408506
c1ccc2cc3ccccc3cc2c1,178.0782503
NNc1ccccc1,108.0687483
CCC=O,58.04186481
C1CCCCCCC1,112.1252005
O=C1NC(=O)NC(=O)C1(CC=C)CC=C,208.0847922
ClC(Cl)Cl,117.9143831
Sc1nccc(=O)[nH]1,128.0044337
Clc1ccc(CN(C2CCCC2)C(=O)Nc3ccccc3)cc1,328.134241
CC1=CCCCC1,96.09390038
CCCCC(CC)C=O,128.1201151
COc2c1occc1c(OC)c3c(=O)cc(C)oc23,260.0684735
O=C1NC(=O)NC(=O)C1(CC)CCC(C)C,226.1317424
c1ccc2c3c(ccc2c1)c4cccc5cccc3c45,252.0939004
CCC(CC)C=O,100.088815
CCCOCCC,102.1044651
CCCCCCCCCCCCCCO,214.2296656
Oc1c(Cl)ccc(Cl)c1Cl,195.9249478
NC(=O)N,60.03236275
CCCC#C,68.06260026
Brc1cccc(Br)c1,233.8679743
CCCCCCCCCCCCCCCCCCO,270.2922658
CC(=O)Nc1ccccc1,135.0684139
c1cc(O)c(O)c2OCC3(O)CC4=CC(=O)C(O)=CC4=C3c21,300.0633881
c1nccc(C(=O)NN)c1,137.0589118
OC1C=CC2C1C3(Cl)C(=C(Cl)C2(Cl)C3(Cl)Cl)Cl,351.8549809
CC(C)CCOC=O,116.0837296
CC(=O)c1ccccc1,120.0575149
c2ccc1nc(ccc1c2)c4ccc3ccccc3n4,256.1000484
CCOP(=O)(OCC)OCC,182.0707956
CC2(C)C1CCC(C)(C1)C2=O,152.1201151
COc2cnc1cncnc1n2,162.0541608
ClC2=C(Cl)C3(Cl)C1C=CCC1C2(Cl)C3(Cl)Cl,335.8600663
CC(C)N(=O)=O,89.04767846
c1ccc2c(c1)[nH]c3ccccc32,167.0734993
OCC(O)C(O)CO,122.0579088
CCCOC(=O)c1ccc(N)cc1,179.0946287
CNC(=O)C=C(C)OP(=O)(OC)OC,223.0609592
O=C1CCC(=O)N1,99.0320284
CCC(C)C(C)C,100.1252005
CCCCc1c(C)nc(NCC)nc1OS(=O)(=O)N(C)C,316.1569116
CCN2c1ncccc1N(C)C(=S)c3cccnc23,270.0939174
O2c1ccccc1N(CC)C(=O)c3ccccc23,239.0946287
C1CCOCC1,86.07316494
CCCCCC#C,96.09390038
c1cc2ccc(OC)c(CC=C(C)(C))c2oc1=O,244.1099444
c1cc(C)cc2c1c3cc4cccc5CCc(c45)c3cc2,268.1252005
CCOC(=O)c1ccccc1,150.0680796
ClCC(C)C,92.03927797
CC34CCC1C(CCc2cc(O)ccc12)C3CCC4(O)C#C,296.17763
CCCCCCCCCCCC(=O)OC,214.1932801
CCCSCCC,118.0816214
c1ccc2cc3cc4ccccc4cc3cc2c1,228.0939004
CCCCCBr,150.0044125
CCCC/C=C/C,98.10955045
Cc1ncc(N(=O)=O)n1CCO,171.0643911
CCCCCC1CCCC1,140.1565006
Clc1ccc(Cl)c(c1)c2c(Cl)c(Cl)cc(Cl)c2Cl,357.8444162
O=C1NC(=O)NC(=O)C1(CC)C(C)C,198.1004423
CC(Cl)(Cl)Cl,131.9300331
CON(C)C(=O)Nc1ccc(Cl)cc1,214.0509053
O=C2NC(=O)C1(CCCCC1)C(=O)N2,196.0847922
CN(C)C(=O)OC1=CC(=O)CC(C)(C)C1,211.1208434
Cc1ccc(Br)cc1,169.9731123
CCOCC,74.07316494
CC(C)NC(=O)N1CC(=O)N(C1=O)c2cc(Cl)cc(Cl)c2,329.0333966
CCCCN(CC)c1c(cc(cc1N(=O)=O)C(F)(F)F)N(=O)=O,335.1092907
Cc1cc(C)c(O)c(C)c1,136.088815
c1ccccc1,78.04695019
Clc1ccc(I)cc1,237.9046258
COc1ccc(NC(=O)N(C)C)cc1Cl,228.0665553
CC(C)N(C(=O)CCl)c1ccccc1,211.0763917
C=Cc1ccccc1,104.0626003
COCOC,76.0524295
Cc1ccccc1C,106.0782503
CCC(C)O,74.07316494
Oc1ccc(O)cc1,110.0367794
CC34CCC1C(CCc2cc(O)ccc12)C3CC(O)C4O,288.1725446
C1c2ccccc2c3cc4ccccc4cc13,216.0939004
O=C1CNC(=O)N1,100.0272774
c1(O)cc(O)ccc1CCCCCC,194.1306798
C=CCS(=O)SCC=C,162.0173069
CCOP(=S)(OCC)Oc2ccc1oc(=O)c(Cl)c(C)c1c2,362.0144589
Cc1c(C)c2c3ccccc3ccc2c4ccccc14,256.1252005
CCCCC(=O)OC3(C(C)CC4C2CCC1=CC(=O)C=CC1(C)C2(F)C(O)CC34C)C(=O)CO,476.2574171
O=c2[nH]c(=O)c1[nH]c(=O)[nH]c1[nH]2,168.02834
Oc1c(Cl)cc(Cl)c(Cl)c1Cl,229.8859754
Clc1cccc(Cl)c1,145.9690055
Clc1ccc(cc1)C(c2ccc(Cl)cc2)C(Cl)(Cl)Cl,351.9146887
CC(C)COC=O,102.0680796
c1ccccc1SC,124.0346713
CCN2c1nc(C)cc(C(F)(F)F)c1NC(=O)c3cccnc23,322.1041457
CCCCCC,86.10955045
COC(=O)c1cccnc1,137.0476785
NS(=O)(=O)c3cc2c(NC(Cc1ccccc1)NS2(=O)=O)cc3C(F)(F)F,421.0377826
Clc1ccc(cc1Cl)c2cc(Cl)c(Cl)c(Cl)c2Cl,357.8444162
CC1(OC(=O)N(C1=O)c2cc(Cl)cc(Cl)c2)C=C,284.9959485
CCNc1nc(Cl)nc(NC(C)(C)C#N)n1,240.0890221
c1ccc2c(c1)c3ccccc3c4ccccc24,228.0939004
CC=C(C(=CC)c1ccc(O)cc1)c2ccc(O)cc2,266.1306798
CCCCC(CC)COC(=O)c1ccccc1C(=O)OCC(CC)CCCC,390.2770097
CCc1ccccn1,107.0734993
COP(=O)(OC)OC(Br)C(Cl)(Cl)Br,377.7825749
c1ccc(cc1)c2ccccc2,154.0782503
Clc1cc(Cl)c(c(Cl)c1)c2c(Cl)cc(Cl)cc2Cl,357.8444162
CN(C)c1nc(nc(n1)N(C)C)N(C)C,210.1592946
CC(C)CC(C)(C)O,116.1201151
O=C2NC(=O)C1(CCCCCC1)C(=O)N2,210.1004423
OCC1OC(O)(CO)C(O)C1O,180.0633881
Cc1cc(C)cc(O)c1,122.0731649
ClCC#CCOC(=O)Nc1cccc(Cl)c1,257.0010339
CC(=O)Nc1ccc(Cl)cc1,169.0294416
Clc1ccc(Cl)c(c1)c2c(Cl)c(Cl)c(Cl)c(Cl)c2Cl,391.8054439
CCC(C)(C)C,86.10955045
CNc1ccccc1,107.0734993
C=CCC=C,68.06260026
CC(=O)OCC(=O)C1(O)CCC2C3CCC4=CC(=O)CCC4(C)C3C(O)CC21C,404.2198887
Cc1cc(cc(N(=O)=O)c1O)N(=O)=O,198.0276713
OC3N=C(c1ccccc1Cl)c2cc(Cl)ccc2NC3=O,320.0119329
Oc1cccc(Cl)c1,128.0028925
Clc1cccc(Br)c1,189.9184899
NS(=O)(=O)c2cc1c(N=CNS1(=O)=O)cc2Cl,294.9488254
O=C1NC(=O)NC(=O)C1(C)CC,170.0691422
OCCOc1ccccc1,138.0680796
C(c1ccccc1)c2ccccc2,168.0939004
CCCCCC(O)CC,130.1357652
CCN(Cc1c(F)cccc1Cl)c2c(cc(cc2N(=O)=O)C(F)(F)F)N(=O)=O,421.0452464
CC(C)Nc1nc(Cl)nc(NC(C)C)n1,229.1094232
CCCC(C)CO,102.1044651
CCCCC(C)(C)O,116.1201151
CCc1ccccc1,106.0782503
O=C1NC(=O)NC(=O)C1(CC)CC=C(C)C,224.1160924
ClC1C=CC2C1C3(Cl)C(=C(Cl)C2(Cl)C3(Cl)Cl)Cl,369.8210939
CCC(C)C1(CC(Br)=C)C(=O)NC(=O)NC1=O,302.0266044
CC1(C)C(C(=O)OC(C#N)c2cccc(Oc3ccccc3)c2)C1(C)C,349.1677936
COC(C)(C)CCCC(C)CC=CC(C)=CC(=O)OC(C)C,310.2507949
CCOC(=O)CC,102.0680796
CSc1nc(NC(C)C)nc(NC(C)C)n1,241.1361166
CC(C#C)N(C)C(=O)Nc1ccc(Cl)cc1,236.0716407
Cc1cc2ccccc2cc1C,156.0939004
Clc1ccc(cc1)c2cc(Cl)ccc2Cl,255.9613333
Clc1ccc(c(Cl)c1)c2cc(Cl)c(Cl)c(Cl)c2Cl,357.8444162
NC(N)=NC#N,84.04359613
ClC(Cl)(Cl)N(=O)=O,162.8994613
Clc1cccc(Cl)c1c2ccccc2,222.0003056
COc1ccc(C=O)cc1,136.0524295
CC(=O)Nc1ccc(cc1)N(=O)=O,180.0534921
CCCCCCC(=O)OCC,158.1306798
CC(=O)Nc1ccc(O)cc1,151.0633285
c2ccc1[nH]ncc1c2,118.0530982
CC5(C)OC4CC3C2CCC1=CC(=O)C=CC1(C)C2(F)C(O)CC3(C)C4(O5)C(=O)CO,434.2104669
Nc2nc1[nH]cnc1c(=O)[nH]2,151.0494098
COC(=O)C,74.03677943
CC34CCC1C(CCC2CC(=O)CCC12C)C3CCC4O,290.2245802
CCCC(O)C=C,100.088815
OC(C1=CC2C5C(C1C2=C(c3ccccc3)c4ccccn4)C(=O)NC5=O)(c6ccccc6)c7ccccn7,511.1895917
CCCCOCCCC,130.1357652
CCCCCCCCCCCCO,186.1983655
CCN2c1nc(N(C)(CCO))ccc1NC(=O)c3cccnc23,313.1538748
CCCC(C)(C)O,102.1044651
Nc1nc(=O)[nH]cc1F,129.03384
CCCCOc1ccc(C(=O)OCC)c(c1)N(CC)CC,293.1990937
CCCCCC(C)(C)O,130.1357652
Cc1c(C)c(C)c(C)c(C)c1C,162.1408506
CC(C)c1ccc(C)cc1O,150.1044651
c2cnc1ncncc1n2,132.0435961
CCOP(=S)(OCC)Oc1ccc(cc1)N(=O)=O,291.0330302
c2ccc1NCCc1c2,119.0734993
O=N(=O)c1cccc2ccccc12,173.0476785
CCC(C)C(=O)C,100.088815
Nc1nc(O)nc2nc[nH]c12,151.0494098
OC(CC(c1ccccc1)c3c(O)c2ccccc2oc3=O)c4ccc(cc4)c5ccc(Br)cc5,526.0779713
CN(=O)=O,61.01637834
CC(C)N(C(C)C)C(=O)SCC(Cl)=C(Cl)Cl,303.0018182
C=CCCC=C,82.07825032
c2ccc1[nH]ccc1c2,117.0578492
CC34CCC1C(CCC2=CC(=O)CCC12C)C3CCC4=O,286.1932801
CCCCC=C,84.09390038
Cc1cccc(C)c1NC(=O)c2cc(c(Cl)cc2O)S(N)(=O)=O,354.0441056
CCC1CCCCC1,112.1252005
CCCCCCCC(=O)C,142.1357652
COC(=O)Nc2nc1ccc(cc1[nH]2)C(=O)c3ccccc3,295.0956913
CC(C)OC(=O)Nc1cccc(Cl)c1,213.0556563
CCN2c1nc(Cl)ccc1N(C)C(=O)c3cccnc23,288.0777887
CNC(=O)Oc1cccc2ccccc12,201.0789786
C#C,26.01565006
Cc1cncc(C)c1,107.0734993
C1C=CCC=C1,80.06260026
CCOC(=O)N(C)C(=O)CSP(=S)(OCC)OCC,329.0520514
CC(O)c1ccccc1,122.0731649
CC(Cl)CCl,111.9846556
CCCC=C(CC)C=O,126.1044651
CCOP(=S)(OCC)SCCSCC,274.0284795
CC(=O)OC3(C)CCC4C2CCC1=CC(=O)CCC1(C)C2CCC34C,344.2351449
Clc1ccc(cc1)c2c(Cl)cccc2Cl,255.9613333
Fc1cccc(F)c1C(=O)NC(=O)Nc2ccc(Cl)cc2,310.0320616
Oc1cc(Cl)ccc1Oc2ccc(Cl)cc2Cl,287.9511625
c1(C(=O)OCCCCCC(C)(C))c(C(=O)OCCCCCC(C)(C))cccc1,390.2770097
CC12CC(O)C3C(CCC4=CC(=O)CCC34C)C2CCC1C(=O)CO,346.2144094
Cc1cc(C)cc(C)c1,120.0939004
CCCCCCCCOC(=O)c1ccccc1C(=O)OCCCCCCCC,390.2770097
CCCCCCCCCCCCCCCO,228.2453156
Clc1cccc(Cl)c1c2c(Cl)cccc2Cl,289.9223609
O=C1NC(=O)NC(=O)C1(C)C,156.0534921
CC(C)I,169.9592482
O=N(=O)c1ccccc1N(=O)=O,168.0171066
CC(C)C(=O)C,86.07316494
CCCCCCCCCCCCCCCC,226.2660511
CC12CCC(CC1)C(C)(C)O2,154.1357652
Cc2cccc3sc1nncn1c23,189.0360682
CCCCCCC(=O)C,128.1201151
CCCCCCCCC(=O)OC,172.1463299
Fc1ccc(F)cc1,114.0281066
O=C1N(C2CCC(=O)NC2=O)C(=O)c3ccccc13,258.0640568
CCCN(CCC)c1c(cc(cc1N(=O)=O)C(F)(F)F)N(=O)=O,335.1092907
CCO,46.04186481
O=C2NC(=O)C1(CCCC1)C(=O)N2,182.0691422
c1c(NC(=O)OC(C)C(=O)NCC)cccc1,236.1160924
CC(C)=CC3C(C(=O)OCc2cccc(Oc1ccccc1)c2)C3(C)C,350.1881947
CN(C)C(=O)NC1CCCCCCC1,198.1732133
ClC1(C2(Cl)C3(Cl)C4(Cl)C5(Cl)C1(Cl)C3(Cl)Cl)C5(Cl)C(Cl)(Cl)C24Cl,539.6262322
CCCCCCCCBr,192.0513626
CCCCNC(=O)n1c(NC(=O)OC)nc2ccccc12,290.1378904
CN(C)c2c(C)n(C)n(c1ccccc1)c2=O,231.1371622
CCC(O)CC,88.088815
Cc1ccc(cc1)N(=O)=O,137.0476785
CC(C)CCCO,102.1044651
CC34CCC1C(CCC2=CC(=O)CCC12O)C3CCC4(O)C#C,314.1881947
CC(C)OC(=O)C(O)(c1ccc(Br)cc1)c2ccc(Br)cc2,425.9466186
Nc2cnn(c1ccccc1)c(=O)c2Cl,221.0355896
CCC(C)(C)O,88.088815
Cc1ccc(O)cc1,108.0575149
CCOC=O,74.03677943
CN(C)c1ccccc1,121.0891494
C1CCC2CCCCC2C1,138.1408506
CCCCS,90.05032132
c1ccc2c(c1)c3cccc4ccc5cccc2c5c43,252.0939004
ClC(=C(Cl)Cl)Cl,163.8754107
CCC(=O)CC,86.07316494
C=CC#N,53.0265491
CC1CC2C3CC(F)C4=CC(=O)C=CC4(C)C3(F)C(O)CC2(C)C1(O)C(=O)CO,410.1904804
CCCCC(=O)C,100.088815
CCNc1nc(NC(C)(C)C)nc(OC)n1,225.1589602
CCCCC(C)CC,114.1408506
BrCCBr,185.8679743
CNC(=O)Oc1ccccc1C(C)C,193.1102787
O=C1NCCN1c2ncc(s2)N(=O)=O,214.0160611
C1c2ccccc2c3ccc4ccccc4c13,216.0939004
COc1ccccc1Cl,142.0185425
COP(=S)(OC)Oc1cc(Cl)c(Br)cc1Cl,363.8492192
ClC(Cl)CC(=O)NC2=C(Cl)C(=O)c1ccccc1C2=O,330.9569762
ClC(Cl)C(c1ccc(Cl)cc1)c2ccc(Cl)cc2,317.953661
COC(=O)C=C,86.03677943
CN(C)C(=O)Nc2ccc(Oc1ccc(Cl)cc1)cc2,290.0822054
N(=Nc1ccccc1)c2ccccc2,182.0843983
CC(C)c1ccc(C)cc1,134.1095504
Oc1c(Cl)cccc1Cl,161.9639201
OCC2OC(OC1(CO)OC(CO)C(O)C1O)C(O)C(O)C2O,342.1162115
OC1C(O)C(O)C(O)C(O)C1O,180.0633881
Cn2c(=O)n(C)c1ncn(CC(O)CO)c1c2=O,254.1015049
OCC(NC(=O)C(Cl)Cl)C(O)c1ccc(cc1)N(=O)=O,322.0123268
CCC(O)(CC)CC,116.1201151
CC45CCC2C(CCC3CC1SC1CC23C)C4CCC5O,306.2017366
Brc1ccccc1Br,233.8679743
Oc1c(Cl)cc(Cl)cc1Cl,195.9249478
CCCN(CCC)c1c(cc(cc1N(=O)=O)S(N)(=O)=O)N(=O)=O,346.0947053
C2c1ccccc1N(CCF)C(=O)c3ccccc23,255.1059423
CC(C)C(=O)C(C)C,114.1044651
O=C1NC(=O)NC(=O)C1(C(C)C)CC=C(C)C,238.1317424
c1c(O)C2C(=O)C3cc(O)ccC3OC2cc1(OC),262.0841235
Cn1cnc2n(C)c(=O)n(C)c(=O)c12,194.0803756
CC(=O)SC4CC1=CC(=O)CCC1(C)C5CCC2(C)C(CCC23CCC(=O)O3)C45,416.2021305
Cc1ccc(O)cc1C,122.0731649
O(c1ccccc1)c2ccccc2,170.0731649
Clc1cc(Cl)c(cc1Cl)c2cc(Cl)c(Cl)cc2Cl,357.8444162
NC(=O)c1cccnc1,122.0480128
Sc1ccccc1,110.0190212
CNC(=O)Oc1cc(C)cc(C)c1,179.0946287
ClC1CC2C(C1Cl)C3(Cl)C(=C(Cl)C2(Cl)C3(Cl)Cl)Cl,405.7977716
CSSC,93.99109219
NC(=O)c1ccccc1,121.0527638
Clc1ccccc1Br,189.9184899
COC(=O)c1ccccc1OC2OC(COC3OCC(O)C(O)C3O)C(O)C(O)C2O,446.1424263
CCCCC(O)CC,116.1201151
CCN2c1nc(C)cc(C)c1NC(=O)c3cccnc23,268.1324111
Oc1cc(Cl)cc(Cl)c1,161.9639201
Cc1cccc2c1ccc3ccccc32,192.0939004
CCCCC(CC)CO,130.1357652
CC(C)N(C(C)C)C(=O)SCC(=CCl)Cl,269.0407905
Cc1ccccc1,92.06260026
Clc1cccc(n1)C(Cl)(Cl)Cl,228.9019598
C1CCC=CCC1,96.09390038
CN(C)C(=S)SSC(=S)N(C)C,239.9883324
COC1=CC(=O)CC(C)C13Oc2c(Cl)c(OC)cc(OC)c2C3=O,352.0713659
CCCCCCCCCCO,158.1670653
CCC(C)(C)CC,100.1252005
CNC(=O)C(C)SCCSP(=O)(OC)(OC),287.0414867
Oc1cc(Cl)c(Cl)c(Cl)c1Cl,229.8859754
CCCC=O,72.05751488
CC4CC3C2CCC1=CC(=O)C=CC1(C)C2(F)C(O)CC3(C)C4(O)C(=O)COC(C)=O,434.2104669
CCCC,58.07825032
COc1ccccc1O,124.0524295
CC1CC2C3CCC(O)(C(=O)C)C3(C)CC(O)C2(F)C4(C)C=CC(=O)C=C14,376.2049876
ClC(Cl)C(Cl)(Cl)Cl,199.8520884
CCOC(=O)c1ccccc1C(=O)OCC,222.0892089
CC(C)CO,74.07316494
CC(C)Cc1ccccc1,134.1095504
ICI,267.8245961
CCCC(O)CCC,116.1201151
CCCCCOC(=O)C,130.0993797
Oc1c(Cl)c(Cl)cc(Cl)c1Cl,229.8859754
CCCc1ccccc1,120.0939004
FC(F)(Cl)C(F)(F)Cl,169.9313182
CC=CC=O,70.04186481
CN(C)C(=O)N(C)C,116.094963
Cc1cc(C)c(C)cc1C,134.1095504
CC(=O)OC3(CCC4C2CCC1=CC(=O)CCC1C2CCC34C)C#C,340.2038448
CCOP(=S)(OCC)N2C(=O)c1ccccc1C2=O,299.0381156
c1ccccc1NC(=O)c2c(O)cccc2,213.0789786
CCN(CC)C(=S)SCC(Cl)=C,223.0256191
ClCC,64.00797784
CC(=O)Nc1cc(NS(=O)(=O)C(F)(F)F)c(C)cc1C,310.0598979
O=C(C=CC=Cc2ccc1OCOc1c2)N3CCCCC3,285.1364935
CC/C=C\C,70.07825032
CNC(=O)ON=C(CSC)C(C)(C)C,218.1088988
O=C2NC(=O)C1(CCCCCCC1)C(=O)N2,224.1160924
c1(C(C)(C)C)cc(C(C)(C)C)cc(OC(=O)NC)c1,263.188529
Oc2cc(O)c1C(=O)CC(Oc1c2)c3ccc(O)c(O)c3,288.0633881
O=C(c1ccccc1)c2ccccc2,182.0731649
CCCCCCCCCCCCCCCCCCCC,282.3286513
N(Nc1ccccc1)c2ccccc2,184.1000484
CCC(CC)CO,102.1044651
Oc1ccncc1,95.03711378
Cl\C=C/Cl,95.95335542
CC1CCCC1,84.09390038
CC(C)CC(C)O,102.1044651
O2c1ccc(N)cc1N(C)C(=O)c3cc(C)ccc23,254.1055277
CC(C)(C)CO,88.088815
CC(C)(C)C(=O)C(Oc1ccc(Cl)cc1)n2cncn2,293.0931044
Cc1cc(no1)C(=O)NNCc2ccccc2,231.1007767
CC=C,42.04695019
Oc1ccc(Cl)cc1Cc2cc(Cl)ccc2O,268.0057849
CCOC(=O)Nc2cccc(OC(=O)Nc1ccccc1)c2,300.111007
O=C1c2ccccc2C(=O)c3ccccc13,208.0524295
CCCCCCC(C)O,130.1357652
CC1=C(C(=O)Nc2ccccc2)S(=O)(=O)CCO1,267.0565289
CCCCc1ccccc1,134.1095504
O=C1NC(=O)C(=O)N1,114.0065419
COP(=S)(OC)Oc1ccc(Sc2ccc(OP(=S)(OC)OC)cc2)cc1,465.9897246
NS(=O)(=O)c1cc(ccc1Cl)C2(O)NC(=O)c3ccccc23,338.0128055
CC(C)COC(=O)C,116.0837296
CC(C)C(C)(C)C,100.1252005
Clc1ccc(c(Cl)c1Cl)c2c(Cl)cc(Cl)c(Cl)c2Cl,391.8054439
N#Cc1ccccc1C#N,128.0374481
Cc1cccc(c1)N(=O)=O,137.0476785
FC(F)(F)C(Cl)Br,195.8902245
CNC(=O)ON=C(SC)C(=O)N(C)C,219.0677623
CCSCCSP(=S)(OC)OC,245.9971794
CCC(C)C,72.09390038
COP(=O)(OC)OC(=CCl)c1cc(Cl)c(Cl)cc1Cl,363.8992561
